run_name,is_baseline,bertscore_f1,citation_precision,citation_recall,content_f1,factual_consistency_normalized,factual_consistency_score,gating_avg_gating_precision,gating_avg_gating_recall,gating_lane_ids_recall,h2_context_respected,h2_error_rate,h2_hallucination_rate,h2_hint_adherence,h2_integration_score,h2_knowledge_score,h2_scope_violation_rate,h2_structure_violation_rate,llm_answer_relevance,llm_context_relevance,llm_faithfulness,llm_judge_used,mrr@10,mrr@3,mrr@5,ndcg@10,ndcg@3,ndcg@5,recall@10,recall@3,recall@5,rouge_l_recall,semantic_sim
H1_HYBRID_SYNTHETIC,True,0.752884,0.219355,0.758065,0.282215,0.508065,3.032258,0.000000,0.000000,0.000000,0.000000,0.000000,0.000000,0.000000,0.000000,0.000000,0.000000,0.000000,0.594086,0.508065,0.586022,0.000000,0.784946,0.768817,0.784946,0.672662,0.618778,0.672662,0.758065,0.645161,0.758065,0.491342,0.790515
H1_VECTOR_ONLY_SYN,False,0.746594,0.206452,0.741935,0.264841,0.516129,3.064516,0.000000,0.000000,0.000000,0.000000,0.000000,0.000000,0.000000,0.000000,0.000000,0.000000,0.000000,0.642473,0.508065,0.567204,0.000000,0.745699,0.715054,0.745699,0.639081,0.586607,0.639081,0.741935,0.629032,0.741935,0.471972,0.792210
H1_VECTOR_ONLY_SYN_RERANK,False,0.744573,0.225806,0.790323,0.262085,0.524194,3.096774,0.000000,0.000000,0.000000,0.000000,0.000000,0.000000,0.000000,0.000000,0.000000,0.000000,0.000000,0.604839,0.540323,0.569892,0.000000,0.854839,0.854839,0.854839,0.738576,0.706236,0.738576,0.790323,0.725806,0.790323,0.469362,0.786383
H1_BM25_ONLY_SYN,False,0.736797,0.174194,0.564516,0.240368,0.513441,3.053763,0.000000,0.000000,0.000000,0.000000,0.000000,0.000000,0.000000,0.000000,0.000000,0.000000,0.000000,0.588710,0.467742,0.612903,0.000000,0.654301,0.639785,0.654301,0.542586,0.513070,0.542586,0.564516,0.500000,0.564516,0.451053,0.752347
H1_BM25_ONLY_SYN_RERANK,False,0.738012,0.225806,0.774194,0.248621,0.502688,3.010753,0.000000,0.000000,0.000000,0.000000,0.000000,0.000000,0.000000,0.000000,0.000000,0.000000,0.000000,0.642473,0.540323,0.567204,0.000000,0.822581,0.822581,0.822581,0.715341,0.683868,0.715341,0.774194,0.709677,0.774194,0.441736,0.785855
