run_name,is_baseline,bertscore_f1,citation_precision,citation_recall,content_f1,factual_consistency_normalized,factual_consistency_score,gating_avg_gating_precision,gating_avg_gating_recall,gating_lane_ids_recall,h2_context_respected,h2_error_rate,h2_hallucination_rate,h2_hint_adherence,h2_integration_score,h2_knowledge_score,h2_scope_violation_rate,h2_structure_violation_rate,llm_answer_relevance,llm_context_relevance,llm_faithfulness,llm_judge_used,mrr@10,mrr@3,mrr@5,ndcg@10,ndcg@3,ndcg@5,recall@10,recall@3,recall@5,rouge_l_recall,semantic_sim
ENHANCED_BASELINE,True,0.749005,0.400000,0.761243,0.318151,0.518519,3.074074,0.000000,0.000000,0.000000,0.000000,0.000000,0.000000,0.000000,0.000000,0.000000,0.000000,0.000000,0.643519,0.583333,0.643519,0.000000,0.907407,0.907407,0.907407,0.768208,0.732422,0.770035,0.761243,0.654233,0.761243,0.268598,0.847199
Q4_0_quantization,False,0.746853,0.388889,0.733003,0.312754,0.500000,3.000000,0.000000,0.000000,0.000000,0.000000,0.000000,0.000000,0.000000,0.000000,0.000000,0.000000,0.000000,0.569444,0.555556,0.555556,0.000000,0.930556,0.916667,0.930556,0.783297,0.770600,0.788699,0.733003,0.658399,0.733003,0.269739,0.859375
